{"data_time": 0.4073527960000547, "eta_seconds": 238.9808581999796, "fast_rcnn/cls_accuracy": 0.291015625, "fast_rcnn/false_negative": 0.1386806596701649, "fast_rcnn/fg_cls_accuracy": 0.0, "iteration": 19, "loss_box_reg": 0.6070292294025421, "loss_cls": 2.524615168571472, "loss_mask": 0.6893108189105988, "loss_rpn_cls": 0.03118392825126648, "loss_rpn_loc": 0.012340315617620945, "lr": 0.00016067500000000002, "mask_rcnn/accuracy": 0.6458227040816327, "mask_rcnn/false_negative": 0.23684616177482776, "mask_rcnn/false_positive": 0.39214123265671663, "rank_data_time": 0.4073527960000547, "roi_head/num_bg_samples": 104.75, "roi_head/num_fg_samples": 23.25, "rpn/num_neg_anchors": 241.75, "rpn/num_pos_anchors": 14.25, "time": 0.8535030649999271, "total_loss": 3.807920459192246}
{"data_time": 0.007928492000019105, "eta_seconds": 156.63839698002903, "fast_rcnn/cls_accuracy": 0.82421875, "fast_rcnn/false_negative": 1.0, "fast_rcnn/fg_cls_accuracy": 0.0, "iteration": 39, "loss_box_reg": 0.6129071414470673, "loss_cls": 0.910927802324295, "loss_mask": 0.6403590142726898, "loss_rpn_cls": 0.015936764422804117, "loss_rpn_loc": 0.010898802895098925, "lr": 0.000327175, "mask_rcnn/accuracy": 0.8332489636479592, "mask_rcnn/false_negative": 0.029981765402086198, "mask_rcnn/false_positive": 0.19287881810492385, "rank_data_time": 0.007928492000019105, "roi_head/num_bg_samples": 105.5, "roi_head/num_fg_samples": 22.5, "rpn/num_neg_anchors": 242.25, "rpn/num_pos_anchors": 13.75, "time": 0.47396242000002076, "total_loss": 2.1232253559865057}
{"data_time": 0.011665356499975132, "eta_seconds": 118.7681516399789, "fast_rcnn/cls_accuracy": 0.83203125, "fast_rcnn/false_negative": 1.0, "fast_rcnn/fg_cls_accuracy": 0.0, "iteration": 59, "loss_box_reg": 0.5477153956890106, "loss_cls": 0.6899844408035278, "loss_mask": 0.5305123925209045, "loss_rpn_cls": 0.018731012009084225, "loss_rpn_loc": 0.00800213124603033, "lr": 0.000493675, "mask_rcnn/accuracy": 0.8444081959706959, "mask_rcnn/false_negative": 0.01315697939460402, "mask_rcnn/false_positive": 0.324139479587481, "rank_data_time": 0.011665356499975132, "roi_head/num_bg_samples": 106.5, "roi_head/num_fg_samples": 21.5, "rpn/num_neg_anchors": 245.5, "rpn/num_pos_anchors": 10.5, "time": 0.4841131975000508, "total_loss": 1.8383384463377297}
{"data_time": 0.008266426499972113, "eta_seconds": 107.68903936998413, "fast_rcnn/cls_accuracy": 0.806640625, "fast_rcnn/false_negative": 1.0, "fast_rcnn/fg_cls_accuracy": 0.0, "iteration": 79, "loss_box_reg": 0.6963757574558258, "loss_cls": 0.6152898967266083, "loss_mask": 0.4061088263988495, "loss_rpn_cls": 0.011302739381790161, "loss_rpn_loc": 0.009916291106492281, "lr": 0.0006601749999999999, "mask_rcnn/accuracy": 0.8669049462022713, "mask_rcnn/false_negative": 0.0027577495229095137, "mask_rcnn/false_positive": 0.373629133483887, "rank_data_time": 0.008266426499972113, "roi_head/num_bg_samples": 103.25, "roi_head/num_fg_samples": 24.75, "rpn/num_neg_anchors": 242.0, "rpn/num_pos_anchors": 14.0, "time": 0.48680888650005727, "total_loss": 1.7662362062837929}
{"data_time": 0.009915777499941214, "eta_seconds": 99.6960123000008, "fast_rcnn/cls_accuracy": 0.8203125, "fast_rcnn/false_negative": 0.8563454759106933, "fast_rcnn/fg_cls_accuracy": 0.11012075905692928, "iteration": 99, "loss_box_reg": 0.6754824221134186, "loss_cls": 0.5640164315700531, "loss_mask": 0.3282305747270584, "loss_rpn_cls": 0.004793328931555152, "loss_rpn_loc": 0.010774935595691204, "lr": 0.000826675, "mask_rcnn/accuracy": 0.8814174107142857, "mask_rcnn/false_negative": 0.012210550207107523, "mask_rcnn/false_positive": 0.2635076862487651, "rank_data_time": 0.009915777499941214, "roi_head/num_bg_samples": 103.75, "roi_head/num_fg_samples": 24.25, "rpn/num_neg_anchors": 242.75, "rpn/num_pos_anchors": 13.25, "time": 0.5071697409999842, "total_loss": 1.5811376264318824}
{"data_time": 0.007801234499879683, "eta_seconds": 89.82561617999636, "fast_rcnn/cls_accuracy": 0.861328125, "fast_rcnn/false_negative": 0.4774816176470588, "fast_rcnn/fg_cls_accuracy": 0.453125, "iteration": 119, "loss_box_reg": 0.6263040602207184, "loss_cls": 0.3870425820350647, "loss_mask": 0.184252567589283, "loss_rpn_cls": 0.0017609161441214383, "loss_rpn_loc": 0.010677080601453781, "lr": 0.000993175, "mask_rcnn/accuracy": 0.9342577618845157, "mask_rcnn/false_negative": 0.017310678458807467, "mask_rcnn/false_positive": 0.16245211230554749, "rank_data_time": 0.007801234499879683, "roi_head/num_bg_samples": 101.5, "roi_head/num_fg_samples": 26.5, "rpn/num_neg_anchors": 245.25, "rpn/num_pos_anchors": 10.75, "time": 0.5174822184999357, "total_loss": 1.2069329309758814}
{"data_time": 0.00654559400004473, "eta_seconds": 79.84499215999676, "fast_rcnn/cls_accuracy": 0.9296875, "fast_rcnn/false_negative": 0.12632978723404253, "fast_rcnn/fg_cls_accuracy": 0.7792553191489362, "iteration": 139, "loss_box_reg": 0.5536125600337982, "loss_cls": 0.20734665542840958, "loss_mask": 0.15670708566904068, "loss_rpn_cls": 0.0009016951080411673, "loss_rpn_loc": 0.01250514667481184, "lr": 0.001159675, "mask_rcnn/accuracy": 0.9336136798469388, "mask_rcnn/false_negative": 0.03987738029303972, "mask_rcnn/false_positive": 0.07619369841828137, "rank_data_time": 0.00654559400004473, "roi_head/num_bg_samples": 96.0, "roi_head/num_fg_samples": 32.0, "rpn/num_neg_anchors": 243.75, "rpn/num_pos_anchors": 12.25, "time": 0.5000950429998738, "total_loss": 0.961454246629728}
{"data_time": 0.009991879499921197, "eta_seconds": 70.66286758999013, "fast_rcnn/cls_accuracy": 0.939453125, "fast_rcnn/false_negative": 0.06633771929824561, "fast_rcnn/fg_cls_accuracy": 0.9161184210526316, "iteration": 159, "loss_box_reg": 0.49240992963314056, "loss_cls": 0.18384504318237305, "loss_mask": 0.147611103951931, "loss_rpn_cls": 0.005692947190254927, "loss_rpn_loc": 0.00991276791319251, "lr": 0.001326175, "mask_rcnn/accuracy": 0.9412169164540816, "mask_rcnn/false_negative": 0.04461434480622602, "mask_rcnn/false_positive": 0.09042283213558247, "rank_data_time": 0.009991879499921197, "roi_head/num_bg_samples": 99.75, "roi_head/num_fg_samples": 28.25, "rpn/num_neg_anchors": 247.5, "rpn/num_pos_anchors": 8.5, "time": 0.5238144525000052, "total_loss": 0.8428476665867493}
{"data_time": 0.00911328649999632, "eta_seconds": 59.964344520008126, "fast_rcnn/cls_accuracy": 0.943359375, "fast_rcnn/false_negative": 0.11954304365565074, "fast_rcnn/fg_cls_accuracy": 0.8395833333333333, "iteration": 179, "loss_box_reg": 0.40523432195186615, "loss_cls": 0.17710907757282257, "loss_mask": 0.1276080533862114, "loss_rpn_cls": 0.002410664106719196, "loss_rpn_loc": 0.012561739422380924, "lr": 0.001492675, "mask_rcnn/accuracy": 0.947301381490096, "mask_rcnn/false_negative": 0.03429621073709412, "mask_rcnn/false_positive": 0.06417448311942424, "rank_data_time": 0.00911328649999632, "roi_head/num_bg_samples": 101.75, "roi_head/num_fg_samples": 26.25, "rpn/num_neg_anchors": 242.5, "rpn/num_pos_anchors": 13.5, "time": 0.48280488900002183, "total_loss": 0.6867453862503226}
{"data_time": 0.007134454000038204, "eta_seconds": 49.71517129999938, "fast_rcnn/cls_accuracy": 0.951171875, "fast_rcnn/false_negative": 0.07477678571428571, "fast_rcnn/fg_cls_accuracy": 0.90625, "iteration": 199, "loss_box_reg": 0.36407747864723206, "loss_cls": 0.15039097517728806, "loss_mask": 0.1277649588882923, "loss_rpn_cls": 0.0011522752465680242, "loss_rpn_loc": 0.009343967773020267, "lr": 0.001659175, "mask_rcnn/accuracy": 0.9475374535807288, "mask_rcnn/false_negative": 0.042054607598789484, "mask_rcnn/false_positive": 0.05340071227414821, "rank_data_time": 0.007134454000038204, "roi_head/num_bg_samples": 102.0, "roi_head/num_fg_samples": 26.0, "rpn/num_neg_anchors": 244.25, "rpn/num_pos_anchors": 11.75, "time": 0.48700139000004583, "total_loss": 0.7054748350055888}
{"data_time": 0.015839246500036097, "eta_seconds": 39.97622968000542, "fast_rcnn/cls_accuracy": 0.919921875, "fast_rcnn/false_negative": 0.1470905172413793, "fast_rcnn/fg_cls_accuracy": 0.7328296703296704,